Year,Month,District,Temp_2m,Precip,MaxTemp_2m,MinTemp_2m,Humidity_2m,Pressure
1981,1,Kabhre,3.540645161290323,21.95,9.442903225806452,-0.2829032258064516,3.704516129032258,78.1041935483871
1981,2,Kabhre,7.127857142857144,1.08,14.239642857142856,2.2528571428571427,3.507857142857143,78.04035714285715
1981,3,Kabhre,9.860645161290323,26.599999999999998,16.535806451612903,4.723225806451613,4.553225806451613,78.06838709677419
1981,4,Kabhre,13.732333333333333,55.50000000000001,20.457666666666668,7.938,5.742333333333334,77.95266666666666
1981,5,Kabhre,16.38935483870968,122.59,21.91322580645161,11.374516129032259,9.230322580645161,77.85387096774193
1981,6,Kabhre,18.426666666666666,184.35,23.426,13.991000000000001,11.532333333333334,77.60466666666666
1981,7,Kabhre,17.885806451612904,281.37,21.282258064516128,14.952903225806452,14.958387096774192,77.61290322580645
1981,8,Kabhre,17.336451612903225,200.4,20.565806451612904,14.56,14.658709677419356,77.62677419354839
1981,9,Kabhre,15.659333333333333,73.44,19.355666666666664,12.764333333333333,12.817333333333332,78.02966666666666
1981,10,Kabhre,12.514516129032257,2.04,17.70258064516129,9.021935483870967,8.25741935483871,78.13387096774194
1981,11,Kabhre,8.334666666666667,17.25,14.215666666666666,4.554333333333333,5.078,78.153
1981,12,Kabhre,5.457741935483871,2.9,12.178709677419356,1.497741935483871,3.1154838709677417,78.28999999999999
1982,1,Kabhre,5.425161290322581,73.55999999999999,12.024838709677418,1.1151612903225807,3.262903225806452,78.19548387096773
1982,2,Kabhre,4.494642857142857,10.83,11.192499999999999,-0.45785714285714274,3.641785714285714,77.90857142857143
1982,3,Kabhre,8.990645161290322,18.95,15.751612903225807,3.8096774193548386,4.675161290322581,77.98354838709676
1982,4,Kabhre,14.055666666666667,20.919999999999998,20.647,8.077,5.574333333333333,77.9
1982,5,Kabhre,17.183548387096774,32.12,23.684838709677418,11.173870967741935,6.621935483870968,77.98967741935483
1982,6,Kabhre,18.788666666666664,60.54,24.305,14.034666666666668,11.165333333333333,77.611
1982,7,Kabhre,18.710645161290323,183.82999999999998,22.984193548387097,15.295806451612904,13.600000000000001,77.6032258064516
1982,8,Kabhre,17.758064516129032,158.88,21.616774193548387,14.753548387096775,14.308387096774194,77.6616129032258
1982,9,Kabhre,15.705666666666668,102.47,19.826666666666664,12.606,12.133000000000001,77.92966666666666
1982,10,Kabhre,12.220967741935485,4.53,17.669999999999998,8.330967741935483,7.518387096774194,78.2874193548387
1982,11,Kabhre,8.666333333333334,5.6,14.735000000000001,4.910666666666667,5.150333333333333,78.19333333333334
1982,12,Kabhre,6.135483870967741,3.8899999999999997,13.001290322580646,2.069032258064516,3.094516129032258,78.15838709677419
1983,1,Kabhre,3.5319354838709676,0.15,10.435483870967742,-0.8835483870967742,2.4183870967741936,78.12161290322581
1983,2,Kabhre,4.857857142857143,0.09,12.047142857142857,-0.24678571428571422,2.2382142857142857,77.96178571428571
1983,3,Kabhre,10.297419354838711,7.86,17.77516129032258,4.538709677419354,2.946451612903226,77.94516129032259
1983,4,Kabhre,13.288666666666668,9.51,20.182666666666666,7.412333333333334,4.313999999999999,77.911
1983,5,Kabhre,16.7758064516129,44.99,23.024193548387096,10.87741935483871,7.160967741935484,77.90193548387097
1983,6,Kabhre,19.42,84.63,25.409666666666666,13.622333333333334,9.064333333333334,77.744
1983,7,Kabhre,18.92258064516129,138.99,23.261935483870968,15.362580645161291,14.03225806451613,77.72032258064516
1983,8,Kabhre,18.24516129032258,78.89,22.414193548387097,14.90258064516129,14.226451612903226,77.80354838709677
1983,9,Kabhre,16.701333333333334,52.64,20.907,13.519,12.764999999999999,77.95133333333334
1983,10,Kabhre,13.392903225806451,42.01,18.733225806451614,9.776451612903225,8.471935483870968,78.10225806451614
1983,11,Kabhre,9.182333333333334,0.0,15.833333333333334,4.977,4.179,78.32966666666667
1983,12,Kabhre,5.64,5.18,12.72258064516129,1.4458064516129032,2.5551612903225807,78.17225806451613
1984,1,Kabhre,3.862258064516129,5.3100000000000005,11.153548387096773,-0.6064516129032258,2.1574193548387095,77.94645161290323
1984,2,Kabhre,6.056896551724138,13.67,13.826551724137932,0.7472413793103448,2.2948275862068965,77.9948275862069
1984,3,Kabhre,12.140967741935484,5.740000000000001,20.06967741935484,6.252258064516129,2.8845161290322583,77.97709677419354
1984,4,Kabhre,15.540333333333333,14.719999999999999,22.782,8.955333333333332,4.054333333333333,77.896
1984,5,Kabhre,17.968387096774194,37.05,24.376451612903224,12.175483870967742,7.582903225806452,77.70290322580645
1984,6,Kabhre,18.551,141.8,23.038333333333334,14.863666666666667,13.061,77.48066666666666
1984,7,Kabhre,17.2758064516129,181.78,20.838709677419356,14.276774193548386,13.927096774193549,77.60645161290323
1984,8,Kabhre,17.514193548387095,205.97,21.358387096774194,14.339032258064515,14.030645161290321,77.65709677419355
1984,9,Kabhre,14.900666666666666,140.29,18.817999999999998,11.985666666666667,11.843333333333334,77.92033333333333
1984,10,Kabhre,13.062903225806451,13.360000000000001,18.183870967741935,9.488387096774193,8.656129032258063,78.14129032258064
1984,11,Kabhre,8.092666666666666,0.0,14.247333333333334,4.205666666666667,4.219333333333333,78.27466666666668
1984,12,Kabhre,6.385806451612903,1.73,13.273548387096774,2.2319354838709677,3.142258064516129,78.00290322580646
1985,1,Kabhre,3.9535483870967743,14.969999999999999,10.758387096774193,-0.6561290322580645,2.9777419354838712,78.0758064516129
1985,2,Kabhre,6.138928571428572,0.92,13.795,0.8085714285714286,2.2353571428571426,77.63428571428572
1985,3,Kabhre,12.381935483870967,1.4600000000000002,20.274516129032257,6.017096774193549,2.7825806451612904,77.92774193548388
1985,4,Kabhre,15.947000000000001,1.56,23.269000000000002,9.512,4.199666666666666,77.8
1985,5,Kabhre,17.39290322580645,32.33,23.84741935483871,11.141612903225806,6.440322580645161,77.77354838709678
1985,6,Kabhre,19.672,41.46,25.430666666666664,14.461666666666668,10.462,77.47600000000001
1985,7,Kabhre,17.30548387096774,265.2,21.14,14.229032258064517,13.484193548387097,77.67548387096774
1985,8,Kabhre,17.745806451612903,153.17,21.618387096774192,14.661935483870968,14.44032258064516,77.68225806451613
1985,9,Kabhre,15.628333333333334,149.99,19.136333333333333,12.885333333333334,12.918000000000001,77.92533333333334
1985,10,Kabhre,12.410645161290324,69.02,16.523548387096774,9.455483870967742,9.874193548387098,78.16161290322582
1985,11,Kabhre,8.004333333333333,0.0,13.471666666666666,4.543333333333334,5.9399999999999995,78.15266666666666
1985,12,Kabhre,6.461935483870968,5.3500000000000005,12.450967741935484,2.6774193548387095,4.404516129032258,78.1641935483871
1986,1,Kabhre,5.059354838709678,0.29,11.836774193548386,0.8848387096774194,2.896774193548387,78.11419354838709
1986,2,Kabhre,6.379642857142857,12.48,13.168214285714285,1.707857142857143,3.3539285714285714,78.02785714285714
1986,3,Kabhre,10.226774193548389,3.04,17.58258064516129,4.4070967741935485,3.5687096774193545,77.95483870967742
1986,4,Kabhre,14.347666666666667,13.94,21.363333333333333,7.838666666666667,4.534000000000001,77.91433333333333
1986,5,Kabhre,16.088064516129034,33.99,22.62258064516129,9.872903225806452,6.032903225806452,77.82903225806452
1986,6,Kabhre,19.102666666666668,135.60999999999999,24.776999999999997,14.061333333333332,10.627,77.566
1986,7,Kabhre,17.404516129032256,213.56,21.065483870967743,14.392903225806451,14.063870967741936,77.67193548387097
1986,8,Kabhre,17.416774193548385,98.92,21.493225806451612,14.106129032258066,13.83548387096774,77.75161290322582
1986,9,Kabhre,15.614666666666666,41.51,20.00766666666667,12.353000000000002,12.005333333333335,78.00833333333334
1986,10,Kabhre,11.96967741935484,33.85,17.622258064516128,8.147096774193548,7.264838709677419,78.2074193548387
1986,11,Kabhre,9.301666666666668,0.36,15.997666666666667,5.272666666666667,3.7766666666666664,78.241
1986,12,Kabhre,5.360322580645161,30.46,12.118709677419355,1.1074193548387097,2.9574193548387093,78.28774193548388
1987,1,Kabhre,5.126774193548387,3.2600000000000002,12.317096774193548,0.4429032258064516,2.5329032258064514,78.25935483870968
1987,2,Kabhre,7.288214285714285,3.5999999999999996,14.452142857142858,2.1896428571428572,2.8960714285714286,78.22892857142857
1987,3,Kabhre,10.254516129032258,13.51,17.35451612903226,4.806129032258065,3.6835483870967742,77.99677419354839
1987,4,Kabhre,14.661666666666667,12.33,22.021333333333335,8.071666666666667,3.874,78.00066666666666
1987,5,Kabhre,17.048709677419353,9.879999999999999,23.779032258064515,10.95032258064516,5.35258064516129,78.01903225806453
1987,6,Kabhre,20.121666666666666,35.28,26.23966666666667,14.544666666666666,9.390666666666668,77.64766666666667
1987,7,Kabhre,18.56096774193548,187.63,22.77064516129032,15.326774193548387,14.007096774193549,77.60032258064517
1987,8,Kabhre,17.177096774193547,220.14000000000001,20.697741935483872,14.277096774193547,14.12,77.71741935483871
1987,9,Kabhre,16.056,140.86,19.697333333333333,13.31,12.999666666666666,77.98233333333333
1987,10,Kabhre,12.01,82.84,16.82967741935484,8.583870967741936,8.88774193548387,78.22387096774193
1987,11,Kabhre,9.752333333333333,0.1,15.828666666666667,5.734666666666667,5.071666666666667,78.24600000000001
1987,12,Kabhre,7.5119354838709675,1.58,14.257741935483871,3.2312903225806453,3.640322580645161,78.37774193548387
1988,1,Kabhre,6.0038709677419355,0.78,12.766129032258064,1.817741935483871,3.0906451612903227,78.12903225806451
1988,2,Kabhre,7.9510344827586215,2.19,15.074482758620691,2.8979310344827582,3.15,78.06241379310345
1988,3,Kabhre,10.324193548387097,36.42,17.621612903225806,4.616129032258065,3.9648387096774194,77.88064516129033
1988,4,Kabhre,15.496333333333332,28.270000000000003,22.709333333333333,9.050999999999998,4.600666666666667,78.05366666666667
1988,5,Kabhre,17.574516129032258,73.03,23.938709677419357,11.675483870967742,7.805806451612904,77.78709677419356
1988,6,Kabhre,18.808,93.09,24.337333333333333,13.948,11.475999999999999,77.70233333333334
1988,7,Kabhre,17.88741935483871,279.16,21.403225806451612,15.101290322580645,14.660645161290324,77.70870967741935
1988,8,Kabhre,17.312903225806455,171.83,20.499032258064517,14.65258064516129,14.409354838709678,77.72677419354838
1988,9,Kabhre,16.445666666666668,48.37,20.30366666666667,13.390333333333333,13.243666666666666,77.959
1988,10,Kabhre,13.109677419354838,11.95,18.629354838709677,9.259354838709678,7.96741935483871,78.09193548387097
1988,11,Kabhre,9.460666666666667,0.01,15.883000000000001,5.306666666666667,4.490333333333334,78.35266666666666
1988,12,Kabhre,7.183870967741935,22.83,13.549354838709677,3.261935483870968,3.5300000000000002,78.33258064516129
1989,1,Kabhre,3.8403225806451613,21.479999999999997,11.181935483870967,-0.7719354838709678,2.6303225806451613,77.92
1989,2,Kabhre,5.610357142857143,9.51,12.94,0.4067857142857143,2.707142857142857,77.9075
1989,3,Kabhre,10.370000000000001,7.38,17.760967741935485,4.935806451612903,3.346774193548387,77.94322580645161
1989,4,Kabhre,14.909666666666668,2.51,22.78166666666667,7.675666666666666,2.7016666666666667,77.81366666666666
1989,5,Kabhre,18.11709677419355,58.19,24.54774193548387,12.343870967741937,7.183548387096774,77.80774193548388
1989,6,Kabhre,18.73166666666667,62.45,24.004,14.104666666666667,11.775,77.68766666666667
1989,7,Kabhre,18.18548387096774,160.68,22.363225806451613,14.875483870967741,13.82516129032258,77.70193548387097
1989,8,Kabhre,17.313870967741938,104.47,21.087741935483873,14.174193548387096,13.796129032258065,77.78
1989,9,Kabhre,16.66,68.8,21.058666666666667,13.403333333333334,12.741333333333333,77.93333333333334
1989,10,Kabhre,13.65548387096774,9.46,19.583225806451615,9.544193548387097,7.622580645161291,78.17612903225806
1989,11,Kabhre,8.636,1.76,15.263666666666667,4.543333333333334,3.5446666666666666,78.31833333333333
1989,12,Kabhre,5.549032258064517,2.11,12.465806451612902,1.2725806451612904,2.4899999999999998,78.2925806451613
1990,1,Kabhre,7.4561290322580644,0.0,15.07548387096774,2.799032258064516,2.339677419354839,78.10193548387096
1990,2,Kabhre,6.215357142857143,18.35,12.713928571428571,1.7632142857142856,3.630357142857143,78.015
1990,3,Kabhre,8.98709677419355,11.3,15.903870967741934,3.541935483870968,3.5745161290322582,78.06483870967743
1990,4,Kabhre,14.343,5.51,21.66033333333333,7.6273333333333335,3.6383333333333336,77.81033333333333
1990,5,Kabhre,18.128709677419355,12.53,24.126774193548385,12.54516129032258,8.270967741935483,77.81741935483872
1990,6,Kabhre,19.866333333333333,80.78,25.35233333333333,14.973666666666666,11.680333333333333,77.56666666666666
1990,7,Kabhre,18.092903225806452,285.21,21.943225806451615,15.015161290322581,14.250322580645161,77.56612903225808
1990,8,Kabhre,17.27,138.75,20.81096774193548,14.37516129032258,14.183870967741935,77.87064516129031
1990,9,Kabhre,16.151,106.88,19.871,13.269,13.216000000000001,77.96000000000001
1990,10,Kabhre,12.261935483870968,21.64,17.263548387096773,8.817741935483872,8.415483870967742,78.22096774193548
1990,11,Kabhre,10.311,0.0,16.621,6.210666666666667,4.6883333333333335,78.32066666666667
1990,12,Kabhre,6.920967741935484,0.12,13.353870967741937,3.0770967741935484,3.215483870967742,78.32774193548387
1991,1,Kabhre,4.14483870967742,4.12,10.98225806451613,-0.1858064516129032,2.738064516129032,78.04935483870969
1991,2,Kabhre,7.800357142857143,0.19999999999999998,15.1275,2.733571428571429,2.762857142857143,78.16607142857143
1991,3,Kabhre,11.236129032258065,6.9399999999999995,18.626129032258063,5.477741935483871,3.2138709677419355,78.08193548387096
1991,4,Kabhre,14.828666666666667,2.36,22.476333333333333,7.782,3.219666666666667,77.98533333333333
1991,5,Kabhre,18.618387096774192,23.44,25.515483870967742,11.994516129032258,5.959354838709678,77.89903225806451
1991,6,Kabhre,18.836333333333336,37.9,23.762999999999998,14.646333333333333,11.627333333333333,77.65066666666667
1991,7,Kabhre,18.98483870967742,133.04,23.61709677419355,15.480322580645161,14.202580645161289,77.58
1991,8,Kabhre,17.95806451612903,112.16,21.94516129032258,14.92483870967742,14.090645161290322,77.71483870967741
1991,9,Kabhre,16.298333333333332,81.36,20.517666666666667,13.234666666666667,12.718333333333334,77.97033333333334
1991,10,Kabhre,13.38258064516129,2.29,19.562258064516126,9.249354838709678,7.087741935483871,78.13322580645162
1991,11,Kabhre,8.607333333333335,0.12,15.269333333333332,4.517333333333334,3.3583333333333334,78.312
1991,12,Kabhre,5.758064516129032,18.29,12.653225806451612,1.502258064516129,2.892258064516129,78.21806451612903
1992,1,Kabhre,4.999354838709677,0.91,12.199032258064516,0.23774193548387096,2.7519354838709678,78.22096774193548
1992,2,Kabhre,4.629310344827586,3.3000000000000003,12.055172413793104,-0.5262068965517241,2.4720689655172414,77.88620689655171
1992,3,Kabhre,11.985483870967743,0.43,19.937419354838706,5.986774193548388,2.8409677419354837,77.96903225806452
1992,4,Kabhre,15.870000000000001,1.73,23.578666666666667,8.982333333333335,3.258666666666666,78.006
1992,5,Kabhre,16.614193548387096,20.59,23.030322580645162,10.746129032258064,5.994193548387097,77.86
1992,6,Kabhre,18.96033333333333,46.28,24.708333333333332,13.754333333333333,10.067,77.65
1992,7,Kabhre,18.35225806451613,120.75,23.193870967741937,14.42,12.337419354838708,77.69645161290323
1992,8,Kabhre,17.794193548387096,111.89,22.05516129032258,14.47967741935484,13.597741935483871,77.80709677419355
1992,9,Kabhre,16.584333333333333,77.74,21.421,13.059333333333333,12.251,77.93766666666667
1992,10,Kabhre,13.041935483870969,38.53,18.63258064516129,9.071612903225807,7.9635483870967745,78.16032258064516
1992,11,Kabhre,9.238333333333333,6.88,15.899000000000001,4.941,4.620333333333334,78.352
1992,12,Kabhre,5.684193548387097,5.71,12.45516129032258,1.5712903225806452,2.952258064516129,78.29612903225807
1993,1,Kabhre,4.441935483870967,6.84,11.491612903225807,0.15935483870967743,2.8706451612903225,78.01870967741935
1993,2,Kabhre,7.727142857142858,1.72,15.007142857142856,2.5171428571428573,2.7821428571428575,78.11035714285715
1993,3,Kabhre,9.038387096774194,29.38,16.39741935483871,3.422258064516129,3.0448387096774194,78.03
1993,4,Kabhre,14.058333333333334,21.54,21.079666666666665,7.933000000000001,4.926666666666667,78.05866666666667
1993,5,Kabhre,17.187741935483867,56.8,23.56709677419355,11.144838709677419,7.123548387096774,77.84806451612903
1993,6,Kabhre,18.929,78.66,24.408,13.968333333333334,11.069666666666667,77.67566666666667
1993,7,Kabhre,18.88967741935484,141.01,23.419354838709676,15.26,13.980645161290322,77.61032258064516
1993,8,Kabhre,17.898064516129033,70.46,21.910645161290322,14.84258064516129,14.069032258064516,77.69580645161291
1993,9,Kabhre,16.006999999999998,81.42999999999999,20.273000000000003,12.905333333333335,12.364666666666666,77.98
1993,10,Kabhre,13.513870967741935,5.34,19.66,9.339354838709676,7.001612903225807,78.2683870967742
1993,11,Kabhre,10.108,2.62,16.73966666666667,6.102666666666667,4.383,78.26266666666668
1993,12,Kabhre,7.5280645161290325,0.0,14.52774193548387,3.609677419354839,2.2722580645161288,78.30419354838709
1994,1,Kabhre,6.210967741935484,14.72,13.402258064516127,1.8022580645161292,2.7480645161290322,78.08806451612904
1994,2,Kabhre,5.722142857142857,2.06,13.131428571428572,0.5732142857142858,2.7510714285714286,77.9342857142857
1994,3,Kabhre,11.796129032258065,3.54,19.68903225806452,5.77741935483871,2.771290322580645,78.00516129032258
1994,4,Kabhre,14.494,1.94,22.098666666666666,7.664666666666666,3.5463333333333336,78.00566666666667
1994,5,Kabhre,18.08483870967742,22.65,24.687096774193545,11.869354838709677,6.932903225806451,77.89967741935483
1994,6,Kabhre,19.77,87.15,25.21833333333333,15.029,11.481666666666666,77.53500000000001
1994,7,Kabhre,19.169999999999998,89.54,23.8341935483871,15.519032258064515,14.107096774193549,77.55612903225806
1994,8,Kabhre,18.629354838709677,64.03,23.20451612903226,15.189354838709678,13.864516129032259,77.75741935483872
1994,9,Kabhre,16.802,84.63,21.569333333333336,13.434666666666667,12.213333333333333,77.96900000000001
1994,10,Kabhre,13.085806451612902,2.36,19.529032258064515,8.588064516129032,6.261290322580645,78.25451612903225
1994,11,Kabhre,8.933,1.28,15.596,4.645666666666667,3.9276666666666666,78.387
1994,12,Kabhre,5.999677419354839,0.03,13.336129032258064,1.6641935483870969,2.3029032258064515,78.2558064516129
1995,1,Kabhre,3.5948387096774193,3.53,10.724193548387097,-0.9129032258064517,2.176774193548387,78.1325806451613
1995,2,Kabhre,6.038928571428571,7.05,13.247857142857143,0.8564285714285714,2.6553571428571425,77.99535714285715
1995,3,Kabhre,10.940967741935484,6.27,18.486129032258066,5.358387096774194,3.0067741935483867,78.0525806451613
1995,4,Kabhre,14.937333333333333,1.19,22.580666666666666,8.055333333333333,3.166333333333333,78.01133333333334
1995,5,Kabhre,19.036129032258064,11.379999999999999,25.868387096774192,12.49258064516129,6.37,77.85354838709678
1995,6,Kabhre,19.419333333333334,117.46,24.595666666666666,14.887666666666666,12.589,77.59133333333332
1995,7,Kabhre,18.039354838709677,146.82999999999998,21.93935483870968,14.919354838709678,14.280967741935482,77.57903225806452
1995,8,Kabhre,17.5258064516129,165.98,21.162258064516127,14.586451612903225,14.241612903225807,77.7125806451613
1995,9,Kabhre,16.44633333333333,36.08,20.87,13.208,12.795,77.93766666666667
1995,10,Kabhre,13.754838709677419,12.43,19.570967741935487,9.758387096774193,7.78774193548387,78.20709677419354
1995,11,Kabhre,9.567333333333332,26.56,16.458333333333332,5.183333333333334,4.078,78.16866666666667
1995,12,Kabhre,5.930322580645162,12.029999999999998,12.651290322580644,1.944193548387097,3.1229032258064517,78.27741935483871
1996,1,Kabhre,4.121612903225806,25.240000000000002,11.384193548387097,-0.39193548387096777,2.7480645161290322,78.01129032258065
1996,2,Kabhre,6.709310344827586,10.78,13.817586206896552,1.9006896551724137,3.223793103448276,78.0503448275862
1996,3,Kabhre,11.823548387096773,0.26,19.201290322580647,6.2622580645161285,4.1738709677419354,77.88741935483871
1996,4,Kabhre,14.769,21.959999999999997,22.152,8.190666666666667,4.016333333333333,77.96466666666667
1996,5,Kabhre,18.380967741935482,13.39,25.282258064516128,11.51774193548387,5.685483870967742,77.83290322580646
1996,6,Kabhre,18.502666666666666,93.61,23.378666666666668,14.322000000000001,11.876666666666667,77.732
1996,7,Kabhre,18.247096774193547,124.97999999999999,22.300645161290323,15.023870967741935,13.946451612903227,77.58
1996,8,Kabhre,17.36,164.88,21.057096774193546,14.54225806451613,14.111935483870969,77.78580645161291
1996,9,Kabhre,16.060666666666666,65.32,20.092666666666666,13.048,12.658999999999999,77.86999999999999
1996,10,Kabhre,13.050645161290323,22.18,18.26774193548387,9.33516129032258,8.544516129032258,78.1467741935484
1996,11,Kabhre,9.713666666666667,0.29,16.596333333333334,5.530333333333333,3.8040000000000003,78.15133333333333
1996,12,Kabhre,6.942903225806451,0.0,14.413870967741936,2.608064516129032,2.176774193548387,78.23032258064515
1997,1,Kabhre,4.0522580645161295,5.5200000000000005,11.095806451612905,-0.3112903225806451,2.197741935483871,78.04645161290323
1997,2,Kabhre,4.819285714285714,0.08,12.372142857142858,-0.6453571428571429,2.1574999999999998,77.83500000000001
1997,3,Kabhre,10.716129032258063,1.3,18.20935483870968,5.062903225806451,2.8364516129032262,78.04741935483872
1997,4,Kabhre,12.652333333333333,26.43,19.2,6.9,5.214333333333333,78.05
1997,5,Kabhre,17.017419354838708,18.13,23.848064516129032,10.471935483870968,5.217096774193548,77.87032258064517
1997,6,Kabhre,19.325666666666667,66.84,25.052666666666667,13.945333333333334,10.017,77.67333333333333
1997,7,Kabhre,18.40838709677419,164.59,22.48032258064516,15.153870967741934,14.461935483870967,77.5667741935484
1997,8,Kabhre,17.76806451612903,101.61,21.81451612903226,14.571612903225805,14.12225806451613,77.75516129032258
1997,9,Kabhre,16.509666666666668,29.1,21.247,12.944333333333333,12.359333333333332,78.02133333333333
1997,10,Kabhre,12.18,3.9299999999999997,18.08709677419355,7.961935483870968,6.6170967741935485,78.37129032258065
1997,11,Kabhre,9.423333333333334,1.95,15.909333333333334,5.171666666666667,4.338666666666667,78.32933333333334
1997,12,Kabhre,5.381935483870968,15.93,12.039032258064516,1.0983870967741935,3.152258064516129,78.22419354838709
1998,1,Kabhre,4.612903225806452,0.36000000000000004,11.97483870967742,0.08387096774193548,2.2467741935483874,78.09032258064516
1998,2,Kabhre,6.818928571428572,3.6100000000000003,14.108214285714284,1.6396428571428572,2.8825,78.12392857142856
1998,3,Kabhre,9.508064516129032,7.280000000000001,16.864516129032257,4.00741935483871,3.528709677419355,78.01935483870967
1998,4,Kabhre,14.977,10.55,22.170333333333335,8.794,4.597666666666667,78.10433333333334
1998,5,Kabhre,18.404838709677417,37.53,24.828387096774197,12.476774193548387,8.234193548387097,77.93838709677419
1998,6,Kabhre,20.25,54.28,26.028333333333332,15.144333333333332,10.969666666666665,77.69699999999999
1998,7,Kabhre,18.90096774193548,139.75,23.233548387096775,15.63225806451613,14.518709677419354,77.62193548387097
1998,8,Kabhre,17.763548387096773,167.07999999999998,21.535806451612903,14.943548387096774,14.511935483870968,77.82064516129033
1998,9,Kabhre,16.691333333333333,85.08,20.792333333333332,13.541333333333334,13.092333333333332,78.04666666666667
1998,10,Kabhre,14.80225806451613,23.46,20.34032258064516,11.153870967741934,9.791935483870969,78.15677419354839
1998,11,Kabhre,11.251666666666667,1.4000000000000001,17.646,7.204666666666666,5.151666666666667,78.25533333333333
1998,12,Kabhre,7.39,0.0,14.634193548387097,3.007096774193548,2.600322580645161,78.25741935483872
1999,1,Kabhre,5.3667741935483875,1.58,12.680645161290323,0.7941935483870968,2.2467741935483874,78.03451612903227
1999,2,Kabhre,9.805714285714286,1.04,17.296785714285715,4.843928571428571,2.682857142857143,78.29499999999999
1999,3,Kabhre,12.196451612903225,0.01,20.356129032258064,6.127741935483871,1.9196774193548387,77.82000000000001
1999,4,Kabhre,16.889666666666667,2.33,24.813333333333333,10.133666666666667,2.442,77.91033333333333
1999,5,Kabhre,17.779354838709676,42.81,23.908709677419353,12.202903225806452,8.357096774193549,77.72451612903225
1999,6,Kabhre,19.01966666666667,68.12,24.410666666666668,14.361333333333334,11.372000000000002,77.652
1999,7,Kabhre,18.633870967741935,91.02,23.12,15.221290322580646,14.016129032258064,77.53096774193548
1999,8,Kabhre,17.86258064516129,106.51,21.943548387096776,14.762258064516129,13.837741935483871,77.6974193548387
1999,9,Kabhre,16.687,57.78,21.02,13.479333333333333,12.831999999999999,77.959
1999,10,Kabhre,13.61516129032258,43.83,19.250967741935483,9.677741935483871,8.04516129032258,78.14903225806451
1999,11,Kabhre,10.144333333333332,0.0,16.922333333333334,5.955666666666667,3.985,78.229
1999,12,Kabhre,6.837741935483871,0.0,13.703548387096774,2.7280645161290322,3.009354838709678,78.23645161290322
2000,1,Kabhre,5.091935483870968,0.7200000000000001,12.420967741935485,0.4748387096774193,2.29,78.01322580645162
2000,2,Kabhre,4.5103448275862075,1.1600000000000001,11.918620689655173,-0.8162068965517242,2.1948275862068964,77.88827586206898
2000,3,Kabhre,9.569354838709677,2.88,17.019032258064517,3.676129032258064,2.2825806451612904,77.91741935483871
2000,4,Kabhre,15.685333333333334,8.459999999999999,23.040666666666667,9.256666666666666,3.7843333333333335,77.836
2000,5,Kabhre,17.942903225806454,51.65,23.593225806451613,12.93741935483871,9.600645161290323,77.81322580645161
2000,6,Kabhre,18.351666666666667,138.21,22.995,14.421666666666665,12.904,77.645
2000,7,Kabhre,18.187741935483874,118.11,22.13741935483871,15.151290322580644,14.307419354838709,77.6
2000,8,Kabhre,17.7041935483871,158.63,21.477096774193548,14.894516129032258,14.406774193548388,77.70677419354838
2000,9,Kabhre,15.706999999999999,115.69,19.717666666666666,12.645666666666667,12.431000000000001,77.89966666666666
2000,10,Kabhre,13.81,2.37,19.353225806451615,9.858709677419355,8.560645161290322,78.11129032258064
2000,11,Kabhre,9.677999999999999,1.6199999999999999,16.146666666666665,5.656666666666666,5.158666666666666,78.20333333333333
2000,12,Kabhre,7.050645161290323,0.03,14.238709677419354,2.9125806451612903,2.72741935483871,78.14483870967742
2001,1,Kabhre,5.301290322580646,0.29000000000000004,12.816129032258065,0.8619354838709677,2.2438709677419357,77.94612903225806
2001,2,Kabhre,7.782857142857142,0.17,15.312857142857142,2.6471428571428572,2.2425,77.95
2001,3,Kabhre,10.795483870967741,3.6199999999999997,18.381612903225808,4.889354838709677,2.5309677419354837,78.02612903225807
2001,4,Kabhre,15.056666666666667,5.84,22.263666666666666,8.473666666666666,4.154,78.016
2001,5,Kabhre,17.655806451612904,35.32,23.49,12.519354838709678,9.404838709677419,77.75967741935484
2001,6,Kabhre,18.896,66.04,24.09466666666667,14.693333333333333,12.776333333333334,77.56933333333333
2001,7,Kabhre,19.18935483870968,154.23,23.864516129032257,15.568387096774194,14.255483870967742,77.63451612903226
2001,8,Kabhre,18.29258064516129,134.85,22.434516129032257,15.074193548387097,14.321612903225807,77.77645161290323
2001,9,Kabhre,16.019,95.84,20.118333333333336,12.970666666666666,12.331333333333333,77.98533333333333
2001,10,Kabhre,13.507096774193549,20.91,18.703225806451613,9.930967741935484,9.154193548387097,78.18612903225807
2001,11,Kabhre,10.168000000000001,0.19,16.74233333333333,6.022,4.947,78.32633333333334
2001,12,Kabhre,6.4393548387096775,0.0,13.257741935483871,2.5341935483870968,2.8529032258064517,78.32387096774194
2002,1,Kabhre,4.6490322580645165,10.89,11.471935483870968,0.3690322580645161,3.0074193548387096,78.11677419354838
2002,2,Kabhre,7.643928571428572,8.95,15.185714285714285,2.552142857142857,2.9475000000000002,78.2625
2002,3,Kabhre,11.080322580645161,22.07,18.293548387096774,5.543548387096774,3.73258064516129,78.08451612903225
2002,4,Kabhre,15.064,7.609999999999999,21.851666666666667,9.199000000000002,5.456,77.991
2002,5,Kabhre,17.09193548387097,56.25,22.975483870967743,12.008064516129032,9.111612903225806,77.76387096774194
2002,6,Kabhre,18.834,64.0,24.025666666666666,14.222666666666667,12.004333333333333,77.69066666666666
2002,7,Kabhre,19.001290322580644,120.39999999999999,23.461290322580645,15.485161290322582,13.35774193548387,77.57354838709676
2002,8,Kabhre,18.054193548387097,86.72,22.42774193548387,14.773548387096774,13.871612903225806,77.76741935483871
2002,9,Kabhre,16.505666666666666,44.589999999999996,21.699,12.787333333333333,11.477,78.051
2002,10,Kabhre,13.137419354838709,21.13,19.160967741935483,8.980645161290322,7.518064516129033,78.21935483870968
2002,11,Kabhre,10.211666666666668,0.09,17.057333333333336,5.850666666666667,4.411333333333333,78.261
2002,12,Kabhre,6.637741935483871,8.94,13.73225806451613,2.4793548387096775,2.938064516129032,78.17645161290322
2003,1,Kabhre,5.341290322580645,4.92,12.999677419354839,0.46451612903225803,2.2893548387096776,78.2041935483871
2003,2,Kabhre,5.721428571428571,40.81,12.809285714285716,0.6617857142857143,3.534642857142857,78.10571428571428
2003,3,Kabhre,9.72225806451613,2.71,16.807741935483868,4.20741935483871,4.273870967741936,78.04516129032258
2003,4,Kabhre,15.577333333333334,4.9399999999999995,22.720666666666666,9.367333333333333,4.528666666666667,78.06033333333333
2003,5,Kabhre,16.93516129032258,10.02,23.51225806451613,10.786129032258065,6.203548387096775,77.84580645161292
2003,6,Kabhre,18.96466666666667,80.79,24.137333333333334,14.540333333333333,11.102666666666666,77.566
2003,7,Kabhre,18.40967741935484,145.75,22.54,15.131612903225806,14.18,77.76129032258065
2003,8,Kabhre,18.429354838709678,74.54,22.589354838709678,15.172258064516129,14.34483870967742,77.80032258064516
2003,9,Kabhre,17.073,46.83,21.382333333333335,13.912333333333333,12.864666666666666,77.959
2003,10,Kabhre,14.09032258064516,31.16,20.313225806451616,9.774838709677418,7.212580645161291,78.25419354838711
2003,11,Kabhre,9.902,0.08,16.63,5.8806666666666665,4.482333333333333,78.27766666666666
2003,12,Kabhre,6.232258064516128,13.430000000000001,13.077419354838709,2.0980645161290323,3.2532258064516126,78.27032258064517
2004,1,Kabhre,4.492580645161291,18.48,11.427741935483871,0.10709677419354836,3.1493548387096775,78.0667741935484
2004,2,Kabhre,6.869999999999999,0.04,14.171379310344829,1.7586206896551724,3.1041379310344825,78.05999999999999
2004,3,Kabhre,12.629677419354838,17.0,20.153548387096773,6.853225806451612,3.851612903225807,78.06419354838711
2004,4,Kabhre,14.829333333333333,132.2,20.967,9.476666666666667,6.431333333333333,77.961
2004,5,Kabhre,16.575161290322583,102.36,22.245483870967742,11.46032258064516,8.888709677419355,77.79096774193549
2004,6,Kabhre,17.46066666666667,128.19,21.747666666666664,13.806000000000001,12.882666666666667,77.70033333333335
2004,7,Kabhre,17.183225806451613,345.52,20.506774193548388,14.387419354838709,14.319032258064516,77.64548387096775
2004,8,Kabhre,17.608064516129033,164.86,21.164516129032258,14.552903225806451,14.651612903225805,77.70967741935483
2004,9,Kabhre,16.069666666666667,132.54999999999998,19.792333333333332,13.116000000000001,13.160666666666666,78.05933333333334
2004,10,Kabhre,11.55,59.34,16.30258064516129,8.110967741935484,8.339032258064515,78.3341935483871
2004,11,Kabhre,7.955666666666667,21.92,13.277333333333333,4.321666666666667,5.614999999999999,78.31833333333334
2004,12,Kabhre,6.339032258064516,0.05,12.426129032258064,2.369677419354839,4.493548387096775,78.23064516129033
2005,1,Kabhre,4.260322580645161,44.35,10.379999999999999,0.15870967741935485,3.681935483870968,78.09032258064516
2005,2,Kabhre,6.4121428571428565,12.16,13.120000000000001,1.3992857142857142,4.171785714285714,78.09285714285714
2005,3,Kabhre,10.916129032258064,21.24,17.583225806451615,5.740322580645161,5.1090322580645156,78.10645161290323
2005,4,Kabhre,14.045,25.22,20.97533333333333,7.895333333333332,4.764666666666667,78.16166666666666
2005,5,Kabhre,16.26258064516129,28.91,22.395806451612902,10.34290322580645,7.007419354838709,77.86612903225806
2005,6,Kabhre,19.211000000000002,137.52,24.56433333333333,14.461333333333334,10.650666666666666,77.59833333333333
2005,7,Kabhre,17.966451612903228,244.72,21.661290322580644,14.801612903225807,14.614516129032259,77.70387096774193
2005,8,Kabhre,17.64516129032258,240.32,21.114516129032257,14.88774193548387,14.868064516129033,77.66709677419354
2005,9,Kabhre,16.548333333333332,78.5,20.482333333333333,13.496666666666666,13.086,78.047
2005,10,Kabhre,12.335806451612903,115.32000000000001,17.18,8.80741935483871,8.790645161290323,78.27709677419355
2005,11,Kabhre,8.547,0.0,14.359,4.689666666666667,5.355666666666667,78.22166666666666
2005,12,Kabhre,6.563548387096774,0.02,13.15258064516129,2.6980645161290324,3.111612903225806,78.18354838709678
2006,1,Kabhre,6.747419354838709,0.0,14.057419354838709,2.2267741935483873,2.7800000000000002,78.1441935483871
2006,2,Kabhre,9.752142857142857,0.0,16.814285714285713,5.011071428571428,4.050357142857143,78.15214285714286
2006,3,Kabhre,10.393225806451612,20.82,17.549677419354836,4.913548387096774,3.809032258064516,78.04935483870969
2006,4,Kabhre,14.013,14.66,20.71333333333333,8.033666666666667,5.222666666666667,77.98266666666667
2006,5,Kabhre,17.166774193548385,111.03,22.48677419354839,12.420645161290324,10.290322580645162,77.90645161290323
2006,6,Kabhre,17.399,188.15,21.78533333333333,13.539,12.314,77.75633333333333
2006,7,Kabhre,18.26258064516129,255.32999999999998,21.86032258064516,15.23258064516129,15.127096774193548,77.62387096774194
2006,8,Kabhre,17.63225806451613,142.08,21.37290322580645,14.560322580645161,14.347741935483871,77.79451612903226
2006,9,Kabhre,15.92,180.08,19.524,13.071666666666665,12.889000000000001,78.018
2006,10,Kabhre,12.47967741935484,24.09,17.187096774193545,9.115806451612903,9.273548387096774,78.33290322580646
2006,11,Kabhre,8.608,1.96,14.118666666666666,4.971,5.866,78.24533333333333
2006,12,Kabhre,6.661935483870968,19.360000000000003,12.955806451612903,2.8654838709677417,4.17741935483871,78.26483870967742
2007,1,Kabhre,5.509354838709677,0.01,12.376774193548387,1.4309677419354838,2.815806451612903,78.20161290322581
2007,2,Kabhre,4.813214285714286,69.69,11.271071428571428,-0.06535714285714288,4.3175,78.035
2007,3,Kabhre,9.526774193548386,28.41,16.37677419354839,3.77,4.912903225806452,78.05741935483871
2007,4,Kabhre,15.191666666666666,42.16,21.551,9.65,6.692333333333334,78.07866666666668
2007,5,Kabhre,17.120645161290323,60.07,22.596774193548388,12.069354838709677,9.234516129032258,77.91258064516128
2007,6,Kabhre,18.189,189.92,22.77,14.210333333333333,12.752999999999998,77.70833333333333
2007,7,Kabhre,17.789354838709677,278.22,21.19645161290323,14.921290322580646,14.702258064516128,77.60193548387096
2007,8,Kabhre,17.50225806451613,206.26,20.948387096774194,14.648709677419355,14.683225806451613,77.73709677419355
2007,9,Kabhre,16.078333333333333,153.35,19.437333333333335,13.387333333333334,13.285,77.87033333333333
2007,10,Kabhre,13.240967741935485,20.41,17.991290322580646,9.962258064516128,9.806129032258065,78.14645161290322
2007,11,Kabhre,9.168000000000001,1.85,14.648,5.508,6.126,78.25033333333334
2007,12,Kabhre,6.4309677419354845,0.01,13.05258064516129,2.4693548387096773,3.5712903225806456,78.14322580645161
2008,1,Kabhre,4.711935483870968,15.399999999999999,11.02032258064516,0.6693548387096774,3.233225806451613,78.0067741935484
2008,2,Kabhre,5.084827586206897,0.52,12.219310344827587,0.0493103448275862,3.0196551724137928,77.9744827586207
2008,3,Kabhre,10.549354838709677,20.86,17.536451612903225,5.166129032258064,4.169354838709677,77.9941935483871
2008,4,Kabhre,14.479333333333333,24.59,21.418666666666663,8.092,5.208,78.001
2008,5,Kabhre,16.666774193548385,99.35000000000001,22.43935483870968,11.411935483870968,8.795806451612904,77.78935483870967
2008,6,Kabhre,17.562,262.14,21.37633333333333,14.357666666666667,13.711333333333332,77.635
2008,7,Kabhre,17.61806451612903,255.65,20.950000000000003,14.67741935483871,14.718387096774192,77.62516129032258
2008,8,Kabhre,17.23774193548387,241.52,20.543548387096774,14.428064516129032,14.60774193548387,77.73612903225806
2008,9,Kabhre,15.629333333333333,170.44,19.310333333333332,12.808666666666666,12.516333333333334,77.968
2008,10,Kabhre,12.638064516129031,22.95,17.2558064516129,9.257741935483871,9.618064516129033,78.23258064516129
2008,11,Kabhre,10.027333333333333,0.08,15.532666666666668,6.3053333333333335,6.775666666666667,78.29166666666667
2008,12,Kabhre,7.748709677419355,0.57,13.665806451612903,4.180645161290323,5.315161290322581,78.22064516129032
2009,1,Kabhre,7.121612903225807,0.09,13.848387096774195,2.9180645161290326,3.601290322580645,78.23322580645161
2009,2,Kabhre,8.465357142857142,0.32,15.655,3.5732142857142857,3.2114285714285713,78.02321428571429
2009,3,Kabhre,10.942903225806452,5.35,18.211612903225806,5.145483870967742,3.709032258064516,78.06451612903226
2009,4,Kabhre,15.587,2.61,22.78933333333333,9.390666666666666,4.383,77.977
2009,5,Kabhre,16.562258064516126,102.72,22.26967741935484,11.285806451612904,8.91483870967742,77.8583870967742
2009,6,Kabhre,18.59733333333333,88.32,23.85033333333333,13.683333333333334,10.881333333333334,77.65799999999999
2009,7,Kabhre,18.979032258064517,183.5,23.378709677419355,15.397096774193548,14.60225806451613,77.60096774193549
2009,8,Kabhre,17.596451612903227,265.40999999999997,21.19193548387097,14.639677419354838,14.547096774193548,77.82548387096774
2009,9,Kabhre,16.38866666666667,43.45,20.329,13.351666666666667,13.152,77.99233333333333
2009,10,Kabhre,12.883225806451613,45.94,18.029354838709676,9.371612903225806,8.069032258064516,78.17645161290322
2009,11,Kabhre,9.586,3.36,15.852666666666666,5.5953333333333335,4.9959999999999996,78.25233333333334
2009,12,Kabhre,6.298064516129033,2.4299999999999997,12.928387096774193,2.4780645161290322,3.673225806451613,78.15354838709678
2010,1,Kabhre,6.266129032258065,0.19999999999999998,13.684516129032259,1.6503225806451614,2.7816129032258066,78.23967741935483
2010,2,Kabhre,6.886428571428572,8.78,14.1525,1.7582142857142855,3.0075,78.08500000000001
2010,3,Kabhre,12.743548387096775,0.54,20.23774193548387,6.935483870967742,3.735161290322581,78.09967741935485
2010,4,Kabhre,16.912333333333333,3.11,24.184,10.383999999999999,4.489,78.05300000000001
2010,5,Kabhre,17.588709677419356,61.98,23.38516129032258,12.186774193548388,8.818387096774194,77.84096774193549
2010,6,Kabhre,19.279333333333334,80.86,24.747333333333334,14.482333333333335,11.530333333333335,77.74633333333333
2010,7,Kabhre,18.313870967741938,191.46,22.118709677419353,15.192580645161291,14.556129032258065,77.82322580645162
2010,8,Kabhre,17.59258064516129,320.44,20.93,14.871612903225806,14.761290322580646,77.90677419354839
2010,9,Kabhre,15.868666666666666,207.88,19.366,13.137333333333334,13.158666666666667,78.00466666666667
2010,10,Kabhre,12.984516129032258,38.410000000000004,17.45709677419355,9.788709677419355,9.53967741935484,78.10225806451614
2010,11,Kabhre,10.054333333333334,0.99,15.024666666666667,6.7056666666666676,7.558000000000001,78.21000000000001
2010,12,Kabhre,5.828387096774194,1.96,12.036774193548387,1.9196774193548387,3.580967741935484,77.98709677419355
2011,1,Kabhre,3.601935483870968,1.04,10.269354838709678,-0.634516129032258,3.2809677419354837,77.9141935483871
2011,2,Kabhre,6.704285714285715,10.809999999999999,13.605357142857143,1.5371428571428571,3.5453571428571427,78.02678571428571
2011,3,Kabhre,10.638064516129033,8.87,17.65967741935484,5.090967741935484,4.147741935483872,78.01483870967742
2011,4,Kabhre,13.26,18.11,19.759999999999998,7.3709999999999996,5.693,78.08833333333334
2011,5,Kabhre,16.701290322580647,124.02,22.14516129032258,11.76741935483871,9.711935483870967,77.86709677419356
2011,6,Kabhre,18.079666666666665,158.09,22.857666666666667,13.785666666666666,12.35,77.6
2011,7,Kabhre,17.55258064516129,261.06,20.813225806451616,14.837741935483871,14.831935483870968,77.66645161290322
2011,8,Kabhre,17.154516129032256,224.89000000000001,20.543870967741935,14.371935483870969,14.433870967741935,77.80290322580645
2011,9,Kabhre,16.131666666666668,153.33,19.586000000000002,13.388,13.415666666666665,77.85666666666665
2011,10,Kabhre,12.850967741935484,6.07,17.45709677419355,9.572258064516129,9.656774193548388,78.18903225806451
2011,11,Kabhre,9.190666666666665,0.98,14.195666666666666,5.851333333333333,7.201666666666667,78.22166666666666
2011,12,Kabhre,6.33741935483871,1.03,12.548387096774194,2.772903225806451,4.002580645161291,78.16064516129032
2012,1,Kabhre,2.958387096774193,10.89,9.26,-1.1180645161290321,3.333548387096774,77.97645161290322
2012,2,Kabhre,6.756896551724138,4.46,13.707931034482758,1.9555172413793103,3.506551724137931,77.94827586206897
2012,3,Kabhre,10.05225806451613,7.5200000000000005,17.2958064516129,4.2945161290322575,3.5306451612903227,77.96870967741935
2012,4,Kabhre,14.550666666666666,10.07,21.229,8.259,5.701666666666667,77.94266666666667
2012,5,Kabhre,18.230645161290322,26.1,24.786129032258064,11.809354838709677,6.341935483870968,77.84290322580645
2012,6,Kabhre,20.054333333333332,68.38,25.473,15.206,10.767333333333333,77.49533333333333
2012,7,Kabhre,18.30516129032258,271.18,22.171935483870968,15.223548387096775,14.626774193548387,77.56129032258065
2012,8,Kabhre,17.60290322580645,221.81,21.322903225806453,14.55516129032258,14.370322580645162,77.75064516129032
2012,9,Kabhre,16.145666666666667,243.31,20.041,13.098999999999998,12.904666666666666,77.981
2012,10,Kabhre,11.570645161290322,19.49,16.79290322580645,7.879354838709677,7.8019354838709685,78.20483870967742
2012,11,Kabhre,7.944999999999999,5.42,14.046666666666665,3.9699999999999998,4.690333333333333,78.12566666666666
2012,12,Kabhre,6.113225806451613,0.0,13.166129032258064,1.867741935483871,3.3383870967741935,78.06161290322581
2013,1,Kabhre,3.729032258064516,8.120000000000001,11.101935483870967,-0.984516129032258,2.4767741935483873,78.05935483870968
2013,2,Kabhre,6.635357142857143,39.410000000000004,13.821785714285713,1.2085714285714286,3.565714285714286,78.16892857142857
2013,3,Kabhre,11.09,14.830000000000002,18.322580645161292,5.3429032258064515,4.73258064516129,78.09258064516129
2013,4,Kabhre,14.052333333333333,28.659999999999997,20.499000000000002,8.356666666666666,6.031666666666666,77.938
2013,5,Kabhre,17.13806451612903,106.55000000000001,23.456774193548387,11.579677419354839,7.291935483870968,77.7567741935484
2013,6,Kabhre,18.014666666666667,245.76,22.532,14.171333333333333,13.182333333333332,77.65133333333333
2013,7,Kabhre,18.080645161290324,188.27,21.97483870967742,14.88516129032258,14.749354838709678,77.57870967741935
2013,8,Kabhre,17.180967741935483,307.51,20.713548387096775,14.224193548387097,14.111290322580645,77.76322580645162
2013,9,Kabhre,16.131666666666668,162.14,20.01033333333333,13.003333333333332,12.817,77.944
2013,10,Kabhre,13.034193548387098,144.62,17.03451612903226,10.068387096774194,10.562903225806451,78.19967741935484
2013,11,Kabhre,9.037666666666667,1.7,14.437333333333333,5.518,6.205333333333333,78.26166666666667
2013,12,Kabhre,5.75,0.08,11.425483870967742,2.1748387096774193,4.8748387096774195,78.10677419354839
2014,1,Kabhre,5.099354838709678,6.549999999999999,11.515806451612903,0.8664516129032258,3.9090322580645163,78.23903225806451
2014,2,Kabhre,5.953571428571428,15.98,12.460714285714285,1.4100000000000001,4.049285714285714,77.97964285714285
2014,3,Kabhre,9.929677419354839,17.52,16.521612903225805,4.805806451612903,4.8267741935483865,78.11999999999999
2014,4,Kabhre,14.629999999999999,9.27,21.47533333333333,8.335666666666667,5.129666666666666,78.096
2014,5,Kabhre,17.223225806451612,124.48,22.86967741935484,11.843548387096773,8.216451612903226,77.94387096774193
2014,6,Kabhre,19.140333333333334,197.08,23.982666666666667,14.789333333333333,12.463,77.588
2014,7,Kabhre,18.241935483870968,257.53000000000003,21.508709677419354,15.499677419354839,15.21516129032258,77.65064516129033
2014,8,Kabhre,17.56451612903226,274.94,20.756774193548388,15.004838709677419,14.910967741935485,77.75354838709679
2014,9,Kabhre,15.945333333333334,206.71,19.336000000000002,13.257,13.325,77.95666666666666
2014,10,Kabhre,12.38483870967742,52.62,16.861290322580647,9.14225806451613,9.347096774193549,78.30612903225806
2014,11,Kabhre,9.600666666666665,0.0,14.859,6.2876666666666665,6.3340000000000005,78.20133333333334
2014,12,Kabhre,6.667419354838709,17.04,12.726129032258065,2.9019354838709677,4.167096774193548,78.2416129032258
2015,1,Kabhre,4.82774193548387,4.77,11.236129032258065,0.5264516129032258,3.93,78.19612903225806
2015,2,Kabhre,7.301071428571428,6.31,13.661785714285713,2.6942857142857144,4.378571428571428,78.16714285714285
2015,3,Kabhre,10.170967741935485,60.48,16.40838709677419,5.17225806451613,5.6819354838709675,78.24290322580646
2015,4,Kabhre,13.202666666666666,59.57,18.658666666666665,8.382,7.254333333333333,78.07199999999999
2015,5,Kabhre,17.509677419354837,53.49,23.29774193548387,12.029677419354838,8.03,77.94419354838709
2015,6,Kabhre,19.084666666666667,140.42,24.182666666666666,14.546333333333333,11.771333333333333,77.723
2015,7,Kabhre,18.085806451612903,230.76999999999998,21.77806451612903,15.046774193548387,14.636129032258065,77.64129032258064
2015,8,Kabhre,17.63064516129032,327.11,20.890645161290323,15.010967741935483,15.01,77.79645161290323
2015,9,Kabhre,16.473333333333333,122.52,20.058666666666667,13.683,13.472333333333333,78.008
2015,10,Kabhre,12.928709677419356,39.66,17.32709677419355,9.804193548387097,9.063548387096775,78.3283870967742
2015,11,Kabhre,9.959,0.25,14.951333333333334,6.626666666666667,6.6,78.35066666666667
2015,12,Kabhre,5.646774193548388,0.03,11.56225806451613,1.9148387096774193,4.205161290322581,78.22870967741936
2016,1,Kabhre,4.479032258064516,3.4899999999999998,10.775806451612903,0.5967741935483871,3.3680645161290323,78.11258064516129
2016,2,Kabhre,8.23344827586207,10.68,15.039655172413791,3.443448275862069,3.547241379310345,78.2551724137931
2016,3,Kabhre,11.811290322580644,15.67,18.664516129032258,6.639677419354839,4.483548387096774,78.19967741935484
2016,4,Kabhre,16.709333333333333,5.75,23.734666666666666,10.508999999999999,4.929666666666666,77.94233333333334
2016,5,Kabhre,16.94645161290323,88.09,22.399354838709677,12.359677419354838,9.216451612903224,77.87483870967742
2016,6,Kabhre,18.323333333333334,201.01,22.395,14.781666666666666,13.401666666666667,77.80766666666666
2016,7,Kabhre,17.76451612903226,298.11,20.781935483870967,15.29516129032258,15.172580645161291,77.6916129032258
2016,8,Kabhre,17.88935483870968,105.65,21.16290322580645,15.188709677419356,14.91,77.76967741935485
2016,9,Kabhre,16.223666666666666,244.78,19.354666666666667,13.751000000000001,13.810666666666666,77.93599999999999
2016,10,Kabhre,13.495483870967742,50.68,17.648387096774194,10.513548387096774,10.275806451612903,78.0974193548387
2016,11,Kabhre,10.077333333333334,0.0,15.395000000000001,6.611999999999999,6.187666666666667,78.25966666666666
2016,12,Kabhre,8.345806451612905,0.0,14.154193548387097,4.679354838709678,4.890322580645161,78.25838709677419
2017,1,Kabhre,5.373548387096775,8.719999999999999,11.56967741935484,1.3825806451612903,3.5596774193548386,78.18548387096774
2017,2,Kabhre,8.520357142857142,0.01,15.35392857142857,3.5646428571428572,3.8160714285714286,78.21357142857143
2017,3,Kabhre,9.557419354838709,43.8,15.943870967741935,4.566129032258065,4.814838709677419,77.97516129032257
2017,4,Kabhre,14.969333333333333,45.71,21.637,9.097333333333333,6.333666666666667,77.98066666666666
2017,5,Kabhre,16.84967741935484,102.63,22.364516129032257,11.904516129032258,9.484516129032258,77.96064516129033
2017,6,Kabhre,19.03666666666667,102.28,23.878333333333334,14.790333333333333,12.406,77.70533333333333
2017,7,Kabhre,18.07741935483871,208.22,21.733225806451614,15.234838709677419,14.821612903225807,77.68967741935484
2017,8,Kabhre,17.635806451612904,282.37,20.656451612903226,15.226129032258065,15.182580645161291,77.77967741935484
2017,9,Kabhre,16.826666666666668,105.88000000000001,20.163999999999998,14.203666666666667,14.280666666666667,77.994
2017,10,Kabhre,13.926451612903225,46.38,18.230645161290322,10.733225806451614,10.709354838709677,78.14709677419354
2017,11,Kabhre,9.614666666666666,0.060000000000000005,14.869,6.1353333333333335,6.591666666666667,78.258
2017,12,Kabhre,8.400645161290322,0.01,14.617096774193548,4.653548387096774,4.255483870967741,78.33806451612904
2018,1,Kabhre,5.487096774193549,1.75,12.341290322580644,1.197741935483871,2.9577419354838708,77.95064516129031
2018,2,Kabhre,7.930357142857143,1.3900000000000001,14.483571428571429,3.431785714285714,3.606785714285714,78.14357142857143
2018,3,Kabhre,11.035483870967743,11.8,18.01290322580645,5.356129032258064,4.183225806451613,78.06516129032258
2018,4,Kabhre,13.813666666666668,72.74,19.729333333333333,8.625666666666666,7.150333333333333,78.039
2018,5,Kabhre,16.184516129032257,107.11,21.40838709677419,11.563870967741936,9.95774193548387,77.91064516129032
2018,6,Kabhre,18.293666666666663,124.73,22.540333333333333,14.693666666666667,13.453333333333335,77.628
2018,7,Kabhre,18.46451612903226,247.35,21.97935483870968,15.652903225806451,15.11741935483871,77.56387096774193
2018,8,Kabhre,17.640967741935484,241.39000000000001,20.791612903225804,15.061290322580644,14.94741935483871,77.67354838709677
2018,9,Kabhre,16.543666666666667,50.35,20.436666666666667,13.565,13.473333333333333,78.02766666666666
2018,10,Kabhre,11.69516129032258,6.24,16.87,7.805161290322581,7.997096774193548,78.29096774193549
2018,11,Kabhre,9.393666666666666,0.1,15.312333333333333,5.4656666666666665,5.681666666666667,78.29433333333333
2018,12,Kabhre,5.5364516129032255,1.54,12.030967741935482,1.2716129032258066,3.6196774193548387,78.20483870967742
2019,1,Kabhre,4.402903225806452,5.72,10.850967741935484,0.1835483870967742,3.425806451612903,78.22741935483872
2019,2,Kabhre,6.364285714285714,48.14,12.701785714285714,1.605,4.175357142857143,78.13392857142857
2019,3,Kabhre,9.694193548387096,21.16,16.57483870967742,4.211612903225807,4.572258064516129,78.06645161290322
2019,4,Kabhre,14.491000000000001,64.07000000000001,20.413333333333334,9.276666666666667,7.196333333333333,78.06833333333334
2019,5,Kabhre,17.539354838709677,51.74,23.853870967741937,11.837419354838708,7.539032258064516,77.92806451612903
2019,6,Kabhre,19.370333333333335,82.21,24.63,14.621,12.082666666666666,77.76433333333333
2019,7,Kabhre,18.22258064516129,316.46,21.508709677419354,15.495483870967742,15.08,77.61967741935484
2019,8,Kabhre,18.106129032258064,174.19,21.419354838709676,15.317741935483872,15.219354838709679,77.76903225806453
2019,9,Kabhre,16.215333333333334,221.66,19.265,13.789666666666667,13.780333333333335,78.09366666666666
2019,10,Kabhre,12.911935483870968,9.28,17.14483870967742,9.933870967741935,10.108387096774194,78.30032258064516
2019,11,Kabhre,10.425333333333333,27.72,15.478000000000002,7.227,7.258,78.32333333333332
2019,12,Kabhre,4.729032258064516,20.01,10.446451612903227,1.1783870967741936,4.227096774193548,78.24548387096775
